title,start,url
[Tentative] Day Hike,2022-01-02,#find-us
[Tentative] Day Hike,2022-01-09,#find-us
[Tentative] Day Hike,2022-01-16,#find-us
[Tentative] Day Hike,2022-01-23,#find-us
[Tentative] Day Hike,2022-01-30,#find-us
[Tentative] Day Hike,2022-02-06,#find-us
[Tentative] Day Hike,2022-02-13,#find-us
[Tentative] Day Hike,2022-02-20,#find-us
[Tentative] Day Hike,2022-02-27,#find-us
[Tentative] Day Hike,2022-03-06,#find-us
[Tentative] Day Hike,2022-03-13,#find-us
[Tentative] Day Hike,2022-03-20,#find-us
[Tentative] Day Hike,2022-03-27,#find-us
[Tentative] Day Hike,2022-04-03,#find-us
[Tentative] Day Hike,2022-04-10,#find-us
[Tentative] Day Hike,2022-04-17,#find-us
[Tentative] Day Hike,2022-04-24,#find-us
[Tentative] Day Hike,2022-05-01,#find-us
[Tentative] Day Hike,2022-05-08,#find-us
[Tentative] Day Hike,2022-05-15,#find-us
[Tentative] Day Hike,2022-05-22,#find-us
[Tentative] Day Hike,2022-05-29,#find-us
[Tentative] Day Hike,2022-06-05,#find-us
[Tentative] Day Hike,2022-06-12,#find-us
[Tentative] Day Hike,2022-06-19,#find-us
[Tentative] Day Hike,2022-06-26,#find-us
[Tentative] Day Hike,2022-07-03,#find-us
[Tentative] Day Hike,2022-07-10,#find-us
[Tentative] Day Hike,2022-07-17,#find-us
[Tentative] Day Hike,2022-07-24,#find-us
[Tentative] Day Hike,2022-07-31,#find-us
[Tentative] Day Hike,2022-08-07,#find-us
[Tentative] Day Hike,2022-08-14,#find-us
[Tentative] Day Hike,2022-08-21,#find-us
[Tentative] Day Hike,2022-08-28,#find-us
[Tentative] Day Hike,2022-09-04,#find-us
[Tentative] Day Hike,2022-09-11,#find-us
[Tentative] Day Hike,2022-09-18,#find-us
[Tentative] Day Hike,2022-09-25,#find-us
[Tentative] Day Hike,2022-10-02,#find-us
[Tentative] Day Hike,2022-10-09,#find-us
[Tentative] Day Hike,2022-10-16,#find-us
[Tentative] Day Hike,2022-10-23,#find-us
[Tentative] Day Hike,2022-10-30,#find-us
[Tentative] Day Hike,2022-11-06,#find-us
[Tentative] Day Hike,2022-11-13,#find-us
[Tentative] Day Hike,2022-11-20,#find-us
[Tentative] Day Hike,2022-11-27,#find-us
[Tentative] Day Hike,2022-12-04,#find-us
[Tentative] Day Hike,2022-12-11,#find-us
[Tentative] Day Hike,2022-12-18,#find-us
[Tentative] Day Hike,2022-12-25,#find-us
[Tentative] Day Hike,2023-01-01,#find-us
